<?xml version="1.0" encoding="UTF-8"?>
<!DOCTYPE hibernate-reverse-engineering PUBLIC "-//Hibernate/Hibernate Reverse Engineering DTD 3.0//EN" "http://hibernate.sourceforge.net/hibernate-reverse-engineering-3.0.dtd" >

<hibernate-reverse-engineering>
	<table catalog="insight" name="api_keys"
		class="com.qualitytaskforce.insightportal.model.APIKey">
		<meta attribute="extra-import">org.hibernate.annotations.GenericGenerator</meta>
		<meta attribute="extra-import">javax.persistence.GeneratedValue</meta>
		<column name="uuid" type="java.util.UUID"></column>
		<column name="activated"></column>
		<column name="usage"></column>
		<column name="access_key"></column>
		<column name="secret_key"></column>
		<column name="limit_tier"></column>
		<column name="user_id"></column>
	</table>
	<table catalog="insight" name="api_limits"
		class="com.qualitytaskforce.insightportal.model.APILimit">
		<meta attribute="extra-import">org.hibernate.annotations.GenericGenerator</meta>
		<meta attribute="extra-import">javax.persistence.GeneratedValue</meta>
		<column name="uuid" type="java.util.UUID"></column>
		<column name="name"></column>
		<column name="limit"></column>
	</table>
	<table catalog="insight" name="api_logging"
		class="com.qualitytaskforce.insightportal.model.APILogging">
		<meta attribute="extra-import">org.hibernate.annotations.GenericGenerator</meta>
		<meta attribute="extra-import">javax.persistence.GeneratedValue</meta>
		<column name="uuid" type="java.util.UUID"></column>
		<column name="api_key_id"></column>
		<column name="api_call"></column>
		<column name="api_status"></column>
		<column name="response"></column>
		<column name="event_time"></column>
		<column name="post_data"></column>
		<column name="ip_address"></column>
		<column name="header"></column>
	</table>
	<table catalog="insight" name="article_updates"
		class="com.qualitytaskforce.insightportal.model.ArticleUpdate">
		<meta attribute="extra-import">org.hibernate.annotations.GenericGenerator</meta>
		<meta attribute="extra-import">javax.persistence.GeneratedValue</meta>
		<column name="uuid" type="java.util.UUID"></column>
		<column name="content"></column>
		<column name="checked_in"></column>
		<column name="check_in_by"></column>
		<column name="article_id"></column>
		<column name="updated_at"></column>
		<column name="created_at"></column>
		<column name="created_by"></column>
		<column name="updated_by"></column>
	</table>
	<table catalog="insight" name="articles"
		class="com.qualitytaskforce.insightportal.model.Article">
		<meta attribute="extra-import">org.hibernate.annotations.GenericGenerator</meta>
		<meta attribute="extra-import">javax.persistence.GeneratedValue</meta>
		<column name="uuid" type="java.util.UUID"></column>
		<column name="created_by"></column>
		<column name="title"></column>
		<column name="view_count"></column>
		<column name="published"></column>
		<column name="publish_date"></column>
		<column name="updated_by"></column>
		<column name="summary_text"></column>
		<column name="requires_approval"></column>
		<column name="impact_id"></column>
		<column name="created_at"></column>
		<column name="category_id"></column>
		<column name="show_explorer_test"></column>
		<column name="test_recommendation_id"></column>
		<column name="rich_card_id"></column>
		<column name="updated_at"></column>
		<column name="checked_in"></column>
		<column name="check_in_by"></column>
		<column name="full_text"></column>
		<column name="sef_url_id"></column>
	</table>
	<table catalog="insight" name="blocked_ip"
		class="com.qualitytaskforce.insightportal.model.BlockedIP">
		<meta attribute="extra-import">org.hibernate.annotations.GenericGenerator</meta>
		<meta attribute="extra-import">javax.persistence.GeneratedValue</meta>
		<column name="uuid" type="java.util.UUID"></column>
		<column name="count"></column>
		<column name="end_date"></column>
		<column name="ip_address"></column>
	</table>
	<table catalog="insight" name="categories"
		class="com.qualitytaskforce.insightportal.model.Category">
		<meta attribute="extra-import">org.hibernate.annotations.GenericGenerator</meta>
		<meta attribute="extra-import">javax.persistence.GeneratedValue</meta>
		<column name="uuid" type="java.util.UUID"></column>
		<column name="sef_url_id"></column>
		<column name="checked_in"></column>
		<column name="name"></column>
		<column name="check_in_by"></column>
	</table>
	<table catalog="insight" name="email_templates"
		class="com.qualitytaskforce.insightportal.model.EmailTemplate">
		<meta attribute="extra-import">org.hibernate.annotations.GenericGenerator</meta>
		<meta attribute="extra-import">javax.persistence.GeneratedValue</meta>
		<column name="uuid" type="java.util.UUID"></column>
		<column name="from_email"></column>
		<column name="content"></column>
		<column name="checked_in"></column>
		<column name="check_in_by"></column>
		<column name="subject"></column>
	</table>
	<table catalog="insight" name="impact_rating"
		class="com.qualitytaskforce.insightportal.model.ImpactRating">
		<meta attribute="extra-import">org.hibernate.annotations.GenericGenerator</meta>
		<meta attribute="extra-import">javax.persistence.GeneratedValue</meta>
		<column name="uuid" type="java.util.UUID"></column>
		<column name="name"></column>
		<column name="checked_in"></column>
		<column name="check_in_by"></column>
	</table>
	<table catalog="insight" name="newsletter"
		class="com.qualitytaskforce.insightportal.model.Newsletter">
		<meta attribute="extra-import">org.hibernate.annotations.GenericGenerator</meta>
		<meta attribute="extra-import">javax.persistence.GeneratedValue</meta>
		<column name="uuid" type="java.util.UUID"></column>
		<column name="created_at"></column>
		<column name="publish_date"></column>
		<column name="content"></column>
		<column name="checked_in"></column>
		<column name="from_email"></column>
		<column name="subject"></column>
		<column name="created_by"></column>
		<column name="published"></column>
		<column name="check_in_by"></column>
	</table>
	<table catalog="insight" name="profiling_log"
		class="com.qualitytaskforce.insightportal.model.ProfilingLog">
		<meta attribute="extra-import">org.hibernate.annotations.GenericGenerator</meta>
		<meta attribute="extra-import">javax.persistence.GeneratedValue</meta>
		<column name="uuid" type="java.util.UUID"></column>
		<column name="function_id"></column>
		<column name="execution_time"></column>
		<column name="datetime"></column>
	</table>
	<table catalog="insight" name="profiling_stats"
		class="com.qualitytaskforce.insightportal.model.ProfilingStat">
		<meta attribute="extra-import">org.hibernate.annotations.GenericGenerator</meta>
		<meta attribute="extra-import">javax.persistence.GeneratedValue</meta>
		<column name="uuid" type="java.util.UUID"></column>
		<column name="average_exec"></column>
		<column name="function_name"></column>
		<column name="exec_count"></column>
		<column name="max_exec"></column>
		<column name="min_exec"></column>
	</table>
	<table catalog="insight" name="related_articles"
		class="com.qualitytaskforce.insightportal.model.RelatedArticles">
		<meta attribute="extra-import">org.hibernate.annotations.GenericGenerator</meta>
		<meta attribute="extra-import">javax.persistence.GeneratedValue</meta>
		<column name="uuid" type="java.util.UUID"></column>
		<column name="related_article_1"></column>
		<column name="original_article_id"></column>
		<column name="related_article_2"></column>
		<column name="related_article_3"></column>
	</table>
	<table catalog="insight" name="release_advisor"
		class="com.qualitytaskforce.insightportal.model.ReleaseAdvisor">
		<meta attribute="extra-import">org.hibernate.annotations.GenericGenerator</meta>
		<meta attribute="extra-import">javax.persistence.GeneratedValue</meta>
		<column name="uuid" type="java.util.UUID"></column>
		<column name="end_date"></column>
		<column name="start_date"></column>
		<column name="subtitle"></column>
		<column name="published"></column>
		<column name="article_id"></column>
		<column name="title"></column>
		<column name="category"></column>
	</table>
	<table catalog="insight" name="sef_urls"
		class="com.qualitytaskforce.insightportal.model.SefURL">
		<meta attribute="extra-import">org.hibernate.annotations.GenericGenerator</meta>
		<meta attribute="extra-import">javax.persistence.GeneratedValue</meta>
		<column name="uuid" type="java.util.UUID"></column>
		<column name="sef_url"></column>
	</table>
	<table catalog="insight" name="subscription_level"
		class="com.qualitytaskforce.insightportal.model.SubscriptionLevel">
		<meta attribute="extra-import">org.hibernate.annotations.GenericGenerator</meta>
		<meta attribute="extra-import">javax.persistence.GeneratedValue</meta>
		<column name="uuid" type="java.util.UUID"></column>
		<column name="name"></column>
		<column name="permissions"></column>
	</table>
	<table catalog="insight" name="subscriptions"
		class="com.qualitytaskforce.insightportal.model.Subscription">
		<meta attribute="extra-import">org.hibernate.annotations.GenericGenerator</meta>
		<meta attribute="extra-import">javax.persistence.GeneratedValue</meta>
		<column name="uuid" type="java.util.UUID"></column>
		<column name="user_id"></column>
		<column name="end_date"></column>
		<column name="subscription_level"></column>
		<column name="created_at"></column>
		<column name="city"></column>
		<column name="fax"></column>
		<column name="transaction_id"></column>
		<column name="base_amount"></column>
		<column name="organisation"></column>
		<column name="country"></column>
		<column name="state"></column>
		<column name="gross_amount"></column>
		<column name="zip"></column>
		<column name="start_date"></column>
		<column name="discount_amount"></column>
		<column name="address"></column>
		<column name="tax_amount"></column>
		<column name="payment_date"></column>
		<column name="recurring"></column>
		<column name="payment_method"></column>
		<column name="phone"></column>
	</table>
	<table catalog="insight" name="support_categories"
		class="com.qualitytaskforce.insightportal.model.SupportCategory">
		<meta attribute="extra-import">org.hibernate.annotations.GenericGenerator</meta>
		<meta attribute="extra-import">javax.persistence.GeneratedValue</meta>
		<column name="uuid" type="java.util.UUID"></column>
		<column name="check_in_by"></column>
		<column name="name"></column>
		<column name="checked_in"></column>
	</table>
	<table catalog="insight" name="support_comments"
		class="com.qualitytaskforce.insightportal.model.SupportComment">
		<meta attribute="extra-import">org.hibernate.annotations.GenericGenerator</meta>
		<meta attribute="extra-import">javax.persistence.GeneratedValue</meta>
		<column name="uuid" type="java.util.UUID"></column>
		<column name="comment"></column>
		<column name="user_id"></column>
		<column name="from_email"></column>
		<column name="ticket_id"></column>
	</table>
	<table catalog="insight" name="support_status"
		class="com.qualitytaskforce.insightportal.model.SupportStatus">
		<meta attribute="extra-import">org.hibernate.annotations.GenericGenerator</meta>
		<meta attribute="extra-import">javax.persistence.GeneratedValue</meta>
		<column name="uuid" type="java.util.UUID"></column>
		<column name="name"></column>
		<column name="check_in_by"></column>
		<column name="checked_in"></column>
	</table>
	<table catalog="insight" name="support_ticket"
		class="com.qualitytaskforce.insightportal.model.SupportTicket">
		<meta attribute="extra-import">org.hibernate.annotations.GenericGenerator</meta>
		<meta attribute="extra-import">javax.persistence.GeneratedValue</meta>
		<column name="uuid" type="java.util.UUID"></column>
		<column name="user_id"></column>
		<column name="category_id"></column>
		<column name="email"></column>
		<column name="content"></column>
		<column name="subject"></column>
		<column name="status_id"></column>
		<column name="created_at"></column>
	</table>
	<table catalog="insight" name="teams"
		class="com.qualitytaskforce.insightportal.model.Team">
		<meta attribute="extra-import">org.hibernate.annotations.GenericGenerator</meta>
		<meta attribute="extra-import">javax.persistence.GeneratedValue</meta>
		<column name="uuid" type="java.util.UUID"></column>
		<column name="team_manager"></column>
	</table>
	<table catalog="insight" name="test_recommendation"
		class="com.qualitytaskforce.insightportal.model.TestRecommendation">
		<meta attribute="extra-import">org.hibernate.annotations.GenericGenerator</meta>
		<meta attribute="extra-import">javax.persistence.GeneratedValue</meta>
		<column name="uuid" type="java.util.UUID"></column>
		<column name="content"></column>
		<column name="checked_in"></column>
		<column name="check_in_by"></column>
	</table>
	<table catalog="insight" name="user_levels"
		class="com.qualitytaskforce.insightportal.model.UserLevel">
		<meta attribute="extra-import">org.hibernate.annotations.GenericGenerator</meta>
		<meta attribute="extra-import">javax.persistence.GeneratedValue</meta>
		<column name="uuid" type="java.util.UUID"></column>
		<column name="permissions"></column>
		<column name="name"></column>
	</table>
	<table catalog="insight" name="user_logging"
		class="com.qualitytaskforce.insightportal.model.UserLogging">
		<meta attribute="extra-import">org.hibernate.annotations.GenericGenerator</meta>
		<meta attribute="extra-import">javax.persistence.GeneratedValue</meta>
		<column name="uuid" type="java.util.UUID"></column>
		<column name="action_time"></column>
		<column name="user_id"></column>
		<column name="action"></column>
		<column name="ip_address"></column>
	</table>
	<table catalog="insight" name="user_notifications"
		class="com.qualitytaskforce.insightportal.model.UserNotification">
		<meta attribute="extra-import">org.hibernate.annotations.GenericGenerator</meta>
		<meta attribute="extra-import">javax.persistence.GeneratedValue</meta>
		<column name="uuid" type="java.util.UUID"></column>
		<column name="newletter_notification"></column>
		<column name="user_id"></column>
	</table>
	<table catalog="insight" name="user_sessions"
		class="com.qualitytaskforce.insightportal.model.UserSession">
		<meta attribute="extra-import">org.hibernate.annotations.GenericGenerator</meta>
		<meta attribute="extra-import">javax.persistence.GeneratedValue</meta>
		<column name="uuid" type="java.util.UUID"></column>
		<column name="user_id"></column>
		<column name="hash"></column>
	</table>
	<table catalog="insight" name="users"
		class="com.qualitytaskforce.insightportal.model.User">
		<meta attribute="extra-import">org.hibernate.annotations.GenericGenerator</meta>
		<meta attribute="extra-import">javax.persistence.GeneratedValue</meta>
		<column name="uuid" type="java.util.UUID"></column>
		<column name="created_at"></column>
		<column name="last_block_date"></column>
		<column name="subscription_level_id"></column>
		<column name="team_id"></column>
		<column name="blocked"></column>
		<column name="email"></column>
		<column name="updated_at"></column>
		<column name="user_level_id"></column>
		<column name="activated"></column>
		<column name="block_count"></column>
		<column name="last_visit"></column>
		<column name="password"></column>
	</table>
</hibernate-reverse-engineering>